key,magnitude,affected,flops
00326e2f2cff5dcc164582a963a7e42593672e7760b065279227b212067c71a1,0.0,0,524288
01aa5fe774c80e2d51ca814372f79dcc54248d1b3df7213d55e2dafe925d8f32,0.0,0,524288
01f7f46706bb5b948de7b3eccb800bd401a3221ed253eea5217a68e9c641defc,0.0,0,524288
038dd9c74fcfe8bcf5a4b339d215a95c9d22da63959b316a850446d0c4911e5a,0.0,0,524288
03a5654c865bcca11265fef8092f1f15c4ce1664d228d7aacf574a4dd468690a,4.6,1,524288
051dec13586e0e5a1e2de9ead6edb7af72403fe1eb5e341070ea8a9e063bb181,4.6,1,524288
0528b92756ffd4567ee7fcd87a38b004c71e238bbed82e0b173a2f50e82a4250,0.0,0,524288
05c63c077e74707026e3b55dae461b61a066741b9005176115061230b6234d78,4.6,1,524288
05c74bc3c9536cdacc736755ac344d966cc52049658444191eb422d298c3aac6,4.6,1,524288
076aef4813ce2f66c79b9a462253e197bae2dece51c28066d9ae21c8cbad307f,0.0,0,524288
0cee0a23091f322dc74c5265c6152360688717abc5ed4c466c274c37d5ad908b,4.6,1,524288
0d8325feed53be7a9f8acd9432b5ccac600ad7f99b6fd2293e144125a9ed5754,0.0,0,524288
0db682f1a16d0c210cc6c0175848355c0742a76415fc29c02f985020897eed15,0.0,0,524288
0dc3f1d05dcc3c73bcd903ba529cf6000770f28858c1bef0636be9930b5d4cbd,4.6,1,524288
0f3c912d2f1d30ac7e7c6edbd9917ecb194d2132f56112f950eb2b84e40a18da,0.0,0,524288
1073fda41c92aeddccdda95d499495060ae9251fffb148786d5e7092a2f262c2,4.6,1,524288
112c76329f55d075e66f9b40ab7f9dcd0b43620e8f742671d95df89dc9064635,0.0,0,524288
118e283d37abfefc8ba4a85fb0517b05f951e4b5ca810cc53c37e0dd94cf4197,4.6,1,524288
134b5c5a16d64c191d52cc56296ac7351a01518be75298c8e68a8125dce10f07,0.0,0,524288
139d437e87959e172908a33b71a9805ce4a045b6735a36382503a68ed279689d,4.6,1,524288
13b7cebcb5233083de84559b2dc070d394b2b8005774d835f6af97ed0bb9c65f,4.6,1,524288
13eac74bcb6636072d9b24c4abbedfcfaacd453ada1ddf893d73b5b67ba91e7b,4.6,1,524288
14b858227c1406cd04552260a0ba93ba0920cf71f5bdf230a27e8958037ea1b6,4.6,1,524288
170d88da55436f45db797e55de7930364b8332f70a6974c9e62defa6da587e70,4.6,1,524288
18575a7da482e54e130780dbc73d9a93ca6daa37e8d8d10b05aac808c9bbf398,4.6,1,524288
1867da9c2c4ffd0c8d809b89d28683ef4958cb6c5fd0cf2a0e8b3fb3dc62a881,0.0,0,524288
19e4c9040adf3e0abdaa762e54cb393bbb3ffcc0886908647cd8b0715bf1e000,4.6,1,524288
1a3098f4e0f388bc133abcf36e2a4df8e7638be96a85a9ab34904f0b3cbbb1c2,0.0,0,524288
1a41393abedff015d41ea53910e27e8970dcadea105fbf8373b929fd35674f2d,4.6,1,524288
1a4a2db2bbfd95aa846d8803c7de99abcbb59e9f253202d9c6b135279a901cb5,0.0,0,524288
1ad134907214d88a6bd0f8f1c13edf0df852168b41cefc842dc5ee723aa25647,0.0,0,524288
1bf434a732ac27ad116be90f70f74245ee7ab3ed7547172a904a55a4dc07c0cf,4.6,1,524288
1ce8335aee0c80fcec58179839844798e03a4ed55098dca96f12f24db4f96b8f,4.6,1,524288
1d35e9d2e3a227245d098b4ec83fb1cd9094a55d61ab54230b1f60b4ae0c6069,4.6,1,524288
1da76d69ca2347b33a5a162c07f5792609b0d21178aaee86d691b32cba70c98f,0.0,0,524288
1f2ae483dd7a68e352ebb078a5e10b55c61038c23ed0a277a8905c4714bed872,0.0,0,524288
1f5deada2f3f4d030ff51f3c350ff0d9822a88e7eee461413ee88d907baaf80e,0.0,0,524288
1ff9805845fed98284b6cd58582705d965176c9c786ae39bd6edf2f439a79f7d,0.0,0,524288
20da824717700dddd693c52592b3a61a2daf815fd58708ec4266ae6a1767432f,0.0,0,524288
215666673a9d143303d0c2ea384ed952d91795e39831c3ba2e095ecfe750ba7d,0.0,0,524288
2168ebe12f414801c4b9d239972eb79e3523fa21a8bdc2c0d713928e0d1ee13d,4.6,1,524288
23ed3d3504e9eb53d215d02e3d48afb941a776641b2b20fa037d24bb120a68c3,4.6,1,524288
247b11b46f64cedd42040dca0a455e588268eb18157fae0b721141df1ba01020,4.6,1,524288
25d19cfc70f0e52fc45df4a49db463bfb570c2df0f8986e4aaed34aaa9ca5787,4.6,1,524288
269f730b62de470ae870159a2759b7eb2c8f72366251e25d9f3e94b2993f4d0d,4.6,1,524288
26d005fbcf96f040ef573a61d826f9895c9e27799a75524236cbb2839e29f6b9,0.0,0,524288
2709be1d5fb7b623edc69ad9316eeb4a12f4de6ffe275bc6ea5754abd659ce67,0.0,0,524288
27882898bc75c3bcb9ab2d55ba5568e5bac72a1ec61ab69bc0e33ef34075e300,4.6,1,524288
2aa194d3d14286a681719133fd0ea715455deefd795e0e90409b3c0aa627b08a,0.0,0,524288
2af6db524a6d305c4ed905f10948ae5804d9326065ba277f686fbf93c4c8adc6,4.6,1,524288
2c93b91778f567c71a069e1586b2f9ca8bf801d6411134e348bb04fd31b6c882,4.6,1,524288
2e5ce30dbd14fb97e9eb47bb475aff20f98924a751985043b1c183405b93790e,0.0,0,524288
2f523467fa9836cacb917a5ccfdaa393c7168c63feb3d7e8ded4893112ecb108,4.6,1,524288
2f86adc22fb561b9d9d5fe22f437c06918b30ff3023b24dae9fe61e61f67eb62,0.0,0,524288
2f8e12f8f2f7b418908a0d9a9566de58d8d6ecd10cc7a0f489b9906156d2801e,4.6,1,524288
30d22002b245c9fcfc28c706dc737c6bf781c1c93bb60632a1edd800ac593851,0.0,0,524288
312b61136960d4d3c349ec6c9fd034a00b16b095b3345b82e3f18b8fa79c1995,0.0,0,524288
3174723ae270bb39e8f86942d6305b6d7f0e1234a9fe3b8d0c32804cce3087d6,4.6,1,524288
31a1edb8d641f9c87e0f336c5a53efb995e0efd7fe2d21a46c8a18a27d49ed8d,0.0,0,524288
31a516da80ec784c4aa4bef0d9adc54252bc7d8355494bf5f49b748483d5d794,4.6,1,524288
31e84d60853a59a13cfc0fbe79c625490354a608b9a9c7746fcaaaa40b6c7754,4.6,1,524288
31f84e1d112d8f1522d46d45fb0036c36591d5b15a801fcc017c97617fa90ed1,0.0,0,524288
329a07bf50c7ac8c4677a7ed75f3faaf55e1898d5b709d3c27e60477d3beabc2,4.6,1,524288
335b1deb02c40dd282ae001d479dfde02ea27f2e67e53c5ea24fd9a217bde20b,0.0,0,524288
33b863daabd4e4bf03d84842631b986cc1052a432ad256504d2685f78665b7c5,4.6,1,524288
343aea7b20654b9e523d69319246946786ec5094b60930a9387473b43cac0592,4.6,1,524288
367428776aebed561a1d1d9d6a03c916bbe7653e24a878268f3d79304547e3d6,4.6,1,524288
367e57a657dd2faefac7955cdd46890618f09e1d023c263c4c9ba57bc1768141,4.6,1,524288
374f413c18b2ff4f095fdeb7c6d076b0f7f23c8842c1e3a36bd3a5d77298794e,4.6,1,524288
378aa637d4be863e7d87d75f22ed3a838f8f2824e32926bcec34c4b85547bdce,0.0,0,524288
379893156f0b239fc2e4cbc1abbde1fa992b2eaade213d2ae72e8845f8d73337,4.6,1,524288
384a88c1144c58c3c6bb866bf0b9ffb6c4d3f28f20dad1b521a3d22006ec6a12,4.6,1,524288
385891b02a2db7737de34a116c30c38c9eddbde6b3e1405ce0ba6264b058a55a,4.6,1,524288
389a406bf82121d8c6c763fafe07731279ed91bcbbe239a8c0ca0635eb13910b,4.6,1,524288
393e1920ca8d1460737733778f9c68d191ddf9c46cf9441d68492eaadf9a75df,0.0,0,524288
3b9257549decaf7983668c1dd76cf3dc755089b67ef0c4bf61fc59c687a0925d,0.0,0,524288
3bc1f4355444232ac4df6360d866a47d7685c9da10c150160715d4f7ecfd1511,0.0,0,524288
3bfc3b989377867f1d50646e85faf70db120ca9c4523fb7aed30232fe3c57059,4.6,1,524288
3c88aaa42cd91a8914f545c5dc2a4e2e8e70eeeb79f66df3fd70c6978f162e56,4.6,1,524288
3c88e750ce75770b7f21afb09d27b8c28ca7b9215d756cf853889fbd5a6e2d26,0.0,0,524288
3da03d054e859a0fc472784f30850033a83ea3e3f32b767ea3e9cae513389b29,0.0,0,524288
3ebb19efd700520ef33a99e82e6d8689c3350c3a129ec07c00014265a52f5696,4.6,1,524288
3ee20f80f123d8a0f8115ea66cc46aeec0e946d14cb6deb3edb938e6d520aefb,4.6,1,524288
3fd42e9e7449e6949c4dc63fe3a748b323ab70892aef3656d7826011fbfd3019,4.6,1,524288
408d68ae5d5593531d9df61da702860c591c7ea2bcf30dd1dbaf081a66f55a3e,0.0,0,524288
42fe49b5985cd7f104cbd7f6adf48d775880e085e1383cf67334d250e2a57a7d,0.0,0,524288
441509a423000a6b3ec9f88e3230d4c37f2ef1dbfd9a3201946a67c264095c5b,0.0,0,524288
4430e8b2a2236128539517ce0f1488b8744dbb610cec9a78b342951bda7f0556,0.0,0,524288
447df4a1a66ab3fa050a51165eab61a9647a9308a08f309eb3ae177cb987ea17,4.6,1,524288
44d8dff40ec776ffca2a6f5540e710ebd5c6234121e4c75eb471b87262ad95b5,4.6,1,524288
44ec9cc25e084dea452dda093665f4aec478befeea2028217971aaa6ba84438e,4.6,1,524288
454d3437c9f49882bb95afe0c17c35b266f25880c9c4d230b0f842bcdb5a4479,0.0,0,524288
46481d0fda9aa08f81feb5d24645935736e3eb3e511f5d56594d17b58a3b1242,0.0,0,524288
4808ed01f6a38f9df35d808f45528ce42314f7a25dc81e78b6142f23dc4cdcf8,0.0,0,524288
4a50d40ac2cfaf960487db2d4880a1de95af98cc37368e56f4bb502995ef64d9,4.6,1,524288
4b2a2ef1c69fd13f14cacfdff1d3ee5eba72ee06339225a7e1da033e9a62c040,0.0,0,524288
4b3e4e7549915b4d8f154eb06510823545051383cd46005ea49ed1f8f8e3e4c6,4.6,1,524288
4b47d0c33e8bffc2767def20130c3440d71a509899de6a82aa16dde02356dd69,4.6,1,524288
4ba61fea73fabc9d3a55d221546efefa02ebb41b6b8b91fa06fa286a234b216c,0.0,0,524288
4bd50ea591184a2da334d47a72f55bc5184e5a002ddd411edfc2f083c2107b2c,0.0,0,524288
4ecd1f61ff3e44930d3f070e54604ccd98665d532c7fb1ef1064be5c720b45d9,4.6,1,524288
4ecd4abf441ec54ad03473eef214c7952451507e86abab65f31730414d8612f8,0.0,0,524288
4f91b048f39046d7edcbfb88bad655a44f7a8e467dfceb911b632090cbfb7a99,0.0,0,524288
4f9f3e3735b524b6915d464f7d21f60b398fffb89784ccd4807ddec10c41fc1f,4.6,1,524288
50dbd1810db498204ed3247b9c66b781947ccd07062569b48dd594ca0896121f,0.0,0,524288
513cf7a492ccc4cb4519f4ecccfde7a4a8b571a0320dcd1c0e91bd9f0d4582f3,0.0,0,524288
514b592603bdbb6a23f0955dddf325e32385010bf71c5c0d794f7b3c549efecf,0.0,0,524288
54b9840d30a213cb9a810afec6fc636a68a8f2a0c24ffd9352d5368a393f9688,0.0,0,524288
581e5c37dc968df2debcf12b45f53229b6f84916df8bcf53245f30f6c11a1a45,0.0,0,524288
5d769be01882eab6b2ef11cb240c24039327e5637747d3a713b2a661538c9482,4.6,1,524288
5d89e8e0e808769d49661e38ffaff5fd893aa5fe102706ec669a8c05ed07f42b,0.0,0,524288
5dd8e2d76cad9bbeb9cc42aa4efaa9b3bb10878898c64029f6b30c42fcf384f0,0.0,0,524288
5f1ba005cdf2226a4bb0ee699ae54dcda2e3aac8b3844054c04e8b76b3627bb8,4.6,1,524288
5f7a1f9f7302f10d879d5bd5b7f25169d07142a626e55f162d313e0f8b254362,0.0,0,524288
603a8e62d848804063e782dd7511258ca70a328170e43c18529f48933f40fa69,4.6,1,524288
6352da55d12f7c8025b466c9e91968db0ef3365c02f3233a9114e371fdd0cd9f,0.0,0,524288
64806bd8e1170b0af53ec094ac02f0fbfb46cf6a186abf0cc1680335fd9623e1,0.0,0,524288
65a7f56838e32459a2b15c34e6bd392abe6d050b9840203876ac3f72d51dc5fb,4.6,1,524288
669b96b5977aeb874e4648521c484b4dc3f38070ca2a62a4fc565fbf958c9d63,0.0,0,524288
69051cecdf0a9eeae7ab65c04439006560be5319bfa1457192da6aa05f031a79,0.0,0,524288
6909a22d912171b17d9ce1fa7fd979f4357b13e4b8e4a114b5d7f2f918b556b4,0.0,0,524288
6aaac315da54f14b97f9223d20ea2735d10ab73ccf5b9f3b0697862e912c17d8,4.6,1,524288
6ac68c8df278d591507fdfaa1a8ee5885ea659b451aed3c9cd76d240ba7f5ad2,4.6,1,524288
6b4a4319e7555e9c43f46600fbf7d69b1e7259a511842db5f61938ab35b695fb,0.0,0,524288
6bccf74c5146759e8b93089dbd2a512d52dddfc6556ac38c84be98a134376ff6,4.6,1,524288
6e2c9e786c66800aa6b11eb1523a8dd492319b4dc0bd9b3972714abc0df6b676,4.6,1,524288
6f99239c13f2f41f14033cf6ea2b51e94368ddff143212d235392a1253d25912,4.6,1,524288
6fa6e9304389dc61930ac256c08af3d196fb0544913bed16819801a132212747,0.0,0,524288
6faaf237e11d78a4d1ce595afc8695bedd1865267dbf88ea90f4e1bb567de7c6,0.0,0,524288
7135beb90fddc746b86eee56035ea1055313b97b0c8c5f32bf774ecd91cfeb67,4.6,1,524288
717bcaeb9eff656e066b17dd43d3f23753acda8c4dc682d986ca45af829251d1,0.0,0,524288
744d5bbdd0809f6a86cc91888e7ffc0c49b39b915ca322663323eb9714d67de2,0.0,0,524288
768162908b7d899e7c4796299889f218f312046a79bd3b9944fec525c6cf0ade,0.0,0,524288
775c60c3575fa56457d0c4b3fd893c69625c2aed8c75e7e0205d11d66f7faf4e,0.0,0,524288
794d56e5b46d8738a2eb133dbec79db94a95ab1d3b323261a811919f8618e8ae,0.0,0,524288
7a41ab93d98b7f077944f5c12176630d8e4c50cc46a965f31a502f3da623d95f,4.6,1,524288
7ae996ebf8d9c742635fe1876d9e12a36cf5ed11d2e17279c528cf0f819a5396,4.6,1,524288
7baf786b32869842a342d0538fb4aab50a522669ddceeb10c081267a0bff81fd,4.6,1,524288
7c70e48552b8517577117c4580eabd4f73c422fbd51cdd5efd00ebe1e8db19e9,4.6,1,524288
7e15c982a7fcd83f83ee59d64ab56ad0d7d01421bca1da4f64535567278555fb,0.0,0,524288
7fd74058ce1133ba3432ff7f73b6b57c30d7856b401a73d248739e1bb9bce40b,0.0,0,524288
7fde057bb544a2c326b24e1bb7cf33fedc496a5c3b902d720e9977829e28ce34,4.6,1,524288
80adb490d6459161a8240a2e7ad63308c198fde47b97e5ab747b87f324657f4f,0.0,0,524288
8146a152dfbb197e0d39c3f31674af7bb54a5f202490f8c22a99e9c9726de7b3,0.0,0,524288
81a77f12738f6fc3a5c6a4a194ab4b6718ce82c1fb232df8e525470ec6eaab03,0.0,0,524288
827ce2bf6c77f23b14289bebc737d5e5ffa0cedca67a3257c658b76504b87c72,0.0,0,524288
83442e17186e227b3fcdfa585252ebcc8ad61e9b011d08bfee40f89ecea804ee,4.6,1,524288
83b431ffdf8cd179a6cdf3b37834592b86b4de6f98dd6282da7894268b38a023,4.6,1,524288
841b28954bfd8a87eeefc2b6f3b98533e6e49d5a1b3bf6b818961fd923b76f4b,0.0,0,524288
87baf9bcf942c33cf88366f0a3505342308c0e39b4971dad837f743ebcd4aaec,0.0,0,524288
8808be8525d3a30ae4b144a3c43c8e78e1745d735210e9014d7f3d3a1b522f2c,4.6,1,524288
882fa1de5a9a6ddfeca4b5505ed914da9d469ef13f133d19814082987fb2290e,4.6,1,524288
8a012d7534bb5aabc9af820deb1e9f438466240f6e6e101d8a26cc8f6d6a5b5d,4.6,1,524288
8b44cb1b462f3d0451530bd273f48b7fc68a8f2d77f19637507f5ed40f3d47da,0.0,0,524288
8caeec596832ce890759e2d494531ec5132ac9abcf2e9d1e63d7737a8d725f8b,4.6,1,524288
8d0f0276b80fb6eb88bbe9469aa19363fa73886dadd55e06fa9e2585638be5b2,4.6,1,524288
8ebfa1df91d7a8516f72bd5e844b6439a34fb6eaf1d896cfe600d9cb6bba7e1f,4.6,1,524288
8f2b36ea6bd82342683c40d1a88908bafa535f3f28c21d6c07ef8bd1787eb919,0.0,0,524288
8f4c687b1808c2d7a52e518f210bebfc01d668209ec304499aec21c320fb05e8,0.0,0,524288
91c7575697ba35b371de297841c7ca7b452d844c7a43d7b583508c2b4be7e678,0.0,0,524288
9216aea0d840a3357508d2908b293585058b36102848a1a22b4a7db11939b408,0.0,0,524288
928873d88918d4fe99dd723e55abf3c03a7686861b86baaca38ae487306410ca,0.0,0,524288
930fde841c003388a3ee22cdd56dd7b68ad6c37441b65a2d56a9f0db0ce54609,4.6,1,524288
9344a277648198aebb1dadcf4316f5c77efc4ac2a25877288b25f91a09943980,4.6,1,524288
935ca75d8b2cb8f38649e89747664ac5bfe849cb7e13c5655747b22640c9c5d3,4.6,1,524288
95cd32d4fa25319b228ff78f28bc1bc5bab3d4881a892bca3e944ae4b44dc058,0.0,0,524288
95e9979fd19ba3b2d287a504a9cdceb72328b4ecb418914bb69fc6068d19ca66,0.0,0,524288
96e9c645c927887d4641566c83013470468304727ca8a723fd99ad262e596383,4.6,1,524288
97d83609c68736ff76269064e1d1f7de753a3ee1cad0675a7f14b028b4a00735,0.0,0,524288
98011f3ce441a639322f6c606df92fbd48d07e9a3f2f8d12466c6d725517486b,0.0,0,524288
9812e4091f364f160ea3a9be197421c2f6deef959c5535128905a362498aaa79,4.6,1,524288
98495ba335dd30853ae4f8ed80abe760c4bb2d5b46c7454f5ed8c0badd24a9e1,0.0,0,524288
987f8a634cf5014e147792bb5dc556387fb8030b58a680c84c220b618a840d91,4.6,1,524288
9a1b35321f69a820fbf1b2648908887277c4bf64aeef9308b9c97093b1c1122b,4.6,1,524288
9ab9b18142e3e2780e3583b22dd1d9ccc2f814cc6632b7e246147919da6c565f,4.6,1,524288
9b33bd96912b09f9aaa9a3bc350670e6d5f3e56120b8454f33b1d67dd48726e2,0.0,0,524288
9d6c9214703e7cd39f0cfd02029a0dc7f2b292e909a90b57e3eec24cb867aa91,0.0,0,524288
a003cb99c473b319a897128365d92865228e7faf868dc7f1246edefa25f0c739,4.6,1,524288
a0db64c251b7271d970da355f1baa1636b761e7a888787c3896d56ba2fe38648,0.0,0,524288
a1c741d9941653c1300a408becdc982481c09691831d40153d69853ec3ddf145,0.0,0,524288
a1da2bebe983ec33d6e34655434358b2ab12a8bfbafda4a3ddb8a84e70f370ae,4.6,1,524288
a230a785ab659f6582b5cb750a58a89ff7605c272aadc9f9d52afd181a93df60,0.0,0,524288
a26eaf6a734c4950bf1c413ae1dd3313e60db72a830b7e3876c855cf3e2c2911,0.0,0,524288
a4366e4cfa7cf5fb5c849ecf9641a537a1566e3441457b81377264ed925e8d61,4.6,1,524288
a446baf0706a35e07c9f03bb928e54c32a14f89fa1c405b12ab73928f0e9e3c3,0.0,0,524288
a51a05ae17c17aee34d3ccae839f9f499a9a1d82bc36f8e7429a6dada1593f78,4.6,1,524288
a56c5b6303295ae7dc47ad972b32abc9886534c2b4133db0099b1901caeaf2d3,0.0,0,524288
a572470196edcef02a8c89f46ddd7d7e660c8763bec8b18236213e41aa53cdad,4.6,1,524288
a573deb2c9b350137351edbdafb382e13c3c1f2e6209e972b122a9eab9dc8ebb,4.6,1,524288
a5bbbe88ce36a2adda329364ed590627990685e0d88bdaf3c9e0d7067a974b31,4.6,1,524288
a66646f848c26c08f4f94be990e3340aa76db6dc9e3b2251bc8c5c2d038c7128,4.6,1,524288
a74a2a212368ce7e2b81a060c996eeb3184d38a43507dc7d0a77154b46657849,0.0,0,524288
a83818500410ef4568ca2c4bd0cc8ff22f590dad3968e362d2553b377d402cf7,4.6,1,524288
a932b80f113e13e224bcb8888e3410493b7d81f799307794cbd27d047bc725a0,4.6,1,524288
ab3d202d5bbce77420ddace8ee7fd19527972b55da5aa767a779c7f64853d114,0.0,0,524288
ab80721b28d477e827acc9a9d941b4b7ca37b2c4ad7456b74b7050741054a579,0.0,0,524288
ab90edeedc8842ba785eef336ca597495a4c5f438f545842e7ff92e3dbc555d0,4.6,1,524288
ac086352d899cb6b153b147d156846f754c76c954b35937c9c9ec2aae1d167ae,0.0,0,524288
ac91f34f76e1b1604cf1327895af022581e1ed36a43b49b496b84b3f180ed8f6,0.0,0,524288
acb925e4a299c89351f929208e9e5c2ca0c64a6704968fcf3a17b37a8ac56083,4.6,1,524288
acd86d92dd72481b2bae5331c587ae7234b1b784d3904c5d3ce9e4af18ec047d,0.0,0,524288
ad510b8c1e2a9af7a20e464d256f0f3cefeb43a62432571af6773e151b837f19,0.0,0,524288
ade8bfcbac1d67ff79e2209a4bfcff30a85564a117bfcb1df5fe917da0032f9f,0.0,0,524288
af0d37be761657fb88aca0d233a51b56c20f2fb375ae6b62c0b0077efd5368fd,4.6,1,524288
af4aa81d71f872deb9cd5f3fc48aef82320c4d719afc83a93f5abf241a60776c,0.0,0,524288
b1c0d9a44eed8b7e7ec9758d4df684875c3d11e4bfc021f0e2bd4d664c032cbe,4.6,1,524288
b3c8f361fa682e295908a75b49ce6f3d83b27e3f388a03528af84a2babccea95,0.0,0,524288
b3d55d699750a28ffd77fce3f09943e848fd347533d0ff436957f805f3d2a2af,4.6,1,524288
b5895868da857437a848d524bd52ceb110785b548dd2bce4ea197cadd1019503,4.6,1,524288
b5932e60246f224657533624a77ea417854e33574e5744d9781ce858abc01a98,0.0,0,524288
b6d3925a4cc1f4a002edac77357c55088f4c346194ed0b9e9e77ebd17472712b,4.6,1,524288
b790a66ef440d6882fb09d83a8850d89b449a248504c4b4f542dbf591a2ab6b3,0.0,0,524288
b978994a3447f5ecab0f95498717aaf0cbba6dadd9f82044d4fb2da02c24ef44,0.0,0,524288
bce6f4a6827daeb29163768f5f4ee16c9c5b53b2a117e1ed970f9f8292e5be71,0.0,0,524288
bceb7c26d685c035d5771b0f45bf492961cccbf28c38642fdb34b9c6fc8ca822,0.0,0,524288
bd8e6762642b4ccff881964b0ba6f0fd62b8fc12f372ddcdb4cf232c20788512,4.6,1,524288
c0a906e224e15c611c5cd9fadc9cefecb33c4280308362a8a50b54b94bb9d3c4,4.6,1,524288
c0c125d111d535e76f4e8719f130a7bfb625aa0d7521325dd1c05102784e22e1,0.0,0,524288
c0f4ddbadf62cfc70860f24fba85ec1b32a7c98f769a60466b9e726726d3f44c,4.6,1,524288
c1832497181f4559ac0e15d91eb44dd86d576fd9b82b7f9ff7842fe576422ead,0.0,0,524288
c208c4a0d641f4b7d13e4ad58ccd765430c97a7296bc98220945f8d25ce966f7,0.0,0,524288
c2ccc805a25a445992cba8d3ea5ad2f4f11515dbe40fdede0425d8c5468518b2,0.0,0,524288
c38bd365c131539523012cfde9716460998d7399f0fdfaec2a0b9554df4cd56d,0.0,0,524288
c3f0d42642bd4a010969a91f370a842927f2f373c4fc7781dad91cd8d2efe35b,0.0,0,524288
c4af83857b3f356614e566869321c1139fdb300286d9164ff832d85bf1c5b488,4.6,1,524288
c6da4b1b7c835dd230f123c8dc0eed196ee122a01bbe620ef8099d8eb8658fe0,4.6,1,524288
c75a9ed627b2f2f639514ff9ecf36382745583cee914cde22f8039cfcdea1426,0.0,0,524288
c82ed318a6ad6bfa7459e5e4f2cce3ec3efa4872501b6c7018f3b0f558b0f648,0.0,0,524288
c93691f2a34f6fc5a3eea4123ff8ee4bb241ef9e4cd5f4a3e9f420f134f5a915,4.6,1,524288
cd1eb50fc38487f1090c3fbafb6d1ed5c1dee60a26a20b2b329f67bc7beb347c,0.0,0,524288
cda72a4759ba0ac22c37533ee8a55d6b52868d091b8015239d2ee4567a093702,0.0,0,524288
ce1da67b07daf75506ff719a2251f144d8898bafe00b286c06c7b2ac99f5d182,0.0,0,524288
cfbc2717afab41ddb2b7372bb468486bb702c768b62aaaa93d391f6efc52ecc2,4.6,1,524288
d06a0c99fa6f95ce51cc08de6a5d728c9a67805fd90dc86c35c41739823d6867,0.0,0,524288
d0ed999d0c1ce240a32277999c8829a175e59052d3a128e1af5a1499c464e133,4.6,1,524288
d272299e9cc8eac6b48a0108911cd03c152d050ea939cd5411e9f68ac8184c21,4.6,1,524288
d2972358dbd9d0a7d8c1477a848f18ef4cdb19e6d2d18c7bb24814cf2fc4e6a9,0.0,0,524288
d2b8dc354301c1f4ca772133046e4b0584389ac62e08abe19ac22ce498fa90be,4.6,1,524288
d364f60975219cc9464feb6771d903f6a989afa627d566b7d450847695b41a3d,4.6,1,524288
d37be401099751ea23b5f90ddad54f488486f403376c4dc81c895ba46a6b3e0e,4.6,1,524288
d7758f5009b8e98b7c6a6e621e2c3c6aa49d9e3525099c1681b8fdb481e0663b,0.0,0,524288
d840117e7c2e0f058fda7c2c335edc9eadf3dc91f48611a48757bbda11a82ff1,0.0,0,524288
d8b35b4a1654f0bfd64350be6557850f4f29184b52cb2e48f5080a0a3594a5cf,0.0,0,524288
d9c1f68a88b818ed9a07a412e09911150d25c1748a5e91bf5fcf6e2cf789fb50,4.6,1,524288
db454fd6d2f9dbc1a9b8e6d07dd14a78ea2a7b00d0ab209585604bff7f25cf72,0.0,0,524288
db6b5c4474931bb59497d5f72e43be9ba516c48d42f8df8754266192f222302e,4.6,1,524288
db6c6a646549e31f236c5f039d92a2fdd0e1c09a54eb220a6ab1882c02540138,0.0,0,524288
dce21a1aa7af8821693cd376f5ca81a6b754c356becd8f061de79224e26b0264,0.0,0,524288
dda949fbdd676e6131f7ad76257e0628d3f5d013a809d2a2a7e7e25781c39f63,4.6,1,524288
ddb8ce14005cf44e0c970fbcf6811a7c1e3cae13e8f08f3e7997c2bbb5e52b27,4.6,1,524288
ddd1274052a66c2f4a43e97f6ad33b505aa6ddbbff1fbdb3db8ce265755bc70b,0.0,0,524288
dde73528d6a0739ec01ab1456e04db0cd8805d09b8c61fbc71ec0fcbd117b82a,4.6,1,524288
de8a04677ea2a15e5baaa157296839e95115ca755a1fe9f748269743cb81bac1,4.6,1,524288
df6550f9590054bee072945523762a618b6bd6189e4419233334de0ac31b544f,4.6,1,524288
df6909f44336c2332ff0ad900a086285acd0e169143b9fbf40d3c1b77d230e65,0.0,0,524288
df7127bd6844edd88f71737869300bf064519c94643e09f5f412389baff1471b,0.0,0,524288
dfc7dd76ca95a7712ccf0963b3a0fc2f868066a7b0783e7e0841c851c44365f7,4.6,1,524288
e1530ce031efda5ac72859847d199677491f48880020bd8e475d3d1df115b416,4.6,1,524288
e28b62c4d7bedcbb10b20c549a22e4ef152fdf5ba83defd323b7bb5d7325789f,0.0,0,524288
e3650b3c110777387a4730151b94300504d20822974f2b4df916840c3844ca93,0.0,0,524288
e377a46c3d4fda6f526b4d96acb40483dda9eb2a79b842e79b3ee86baa86ec64,0.0,0,524288
e4f74510c03ad18287881c185bdb42af7ee3090ad4e3f71d4d574c1e5c23374a,0.0,0,524288
e5c29f023ecded1dc84c8c12a07ed1c85b5c7e4c846a12d1a9fc53509d81eb55,0.0,0,524288
e6822aca8fb273aad34c5c8dea8e4675abc535c8bf4ca0b3376b36d70a33f981,0.0,0,524288
e771d3ed35e94561893b1a01e57c21f6e4c77fbc94071f560d27ab745ab6e314,0.0,0,524288
e7e06f819c29d3c80a3205cf3357de5527a77af146e63de27e907a428b694f2f,4.6,1,524288
eb48f7dc0910f2bb10d35f1c6ac13e215c30111e8bce0ae8f7b0f4a98fa7c908,0.0,0,524288
ec55d6a4f068530f5899f77a8aedee933a0708b6eb0394cda4e05fb74aea4575,0.0,0,524288
ed59d929779ee00d5a20f70f41c148652baa28ac4c67c462de0433022431c113,0.0,0,524288
edc995959309a19924c23133907d35f275c98970143102bb1938dfac59bd1d4d,0.0,0,524288
ee404b83c2d5d52dec3b8f61f5fbe703da1b574b06ac363df4c590f8e4475e57,0.0,0,524288
f0b3d32008f54afd73da9e1c235c0faa7112dd49aef75ac934cf0c6240f13842,4.6,1,524288
f0fbecb353daee2ae2c2974376d34e70388c7d9997ce48d6bc455cdc55dc50f2,0.0,0,524288
f19953a14f874b15ed34dae41950dcaa3b59ed768c211e57849f26aa039e7021,0.0,0,524288
f1c016b624f7e51eb1f1b15420d21d166ba0cf5d9a7ebc438adade4196236f3e,4.6,1,524288
f1f29649e08e8ba546a4a219575eac3ce0205e8e98a3c9fc6996cfff2426a571,4.6,1,524288
f28db9c5fc887ef0f469c6eb0fc14b3d2d8a5291ac9b1b0b01e2d7e6c7fd5b4f,0.0,0,524288
f310e30c592ad1e4ef5b913f28e2c90212ac5a70289d08802ac45aa2e9361e99,0.0,0,524288
f41a573086065ee2c92a027841f51ad0d63341d3137f9cee3c42185892771ab8,4.6,1,524288
f42bc5e6448bd6e4bc3cef2f4247894c6374b254849578b1913f5037da4730aa,0.0,0,524288
f5a7104b162429159eff425a414c4dc03d687379f738d8c310bd9c5dbcc6f2ff,4.6,1,524288
f77269071545ee162096a30650fe081bf6a76a043af16810ea07ce1b4c38bfd1,0.0,0,524288
f7d9fae0eec4426f1b2acee6e930bdbb966e1fd946bed29992bd7a76293ee11c,4.6,1,524288
f8234ac408b3078c5c2da26fea7c28b23842b1f367aebf2bdf613bd8461008ef,0.0,0,524288
f867fed4b6542d93463861457a9f3503afb79c1f8282bc46e059fe8b5b91682a,4.6,1,524288
f86accb73d69125a5da8a98a3905e298be3535d83a716092cdf05cce429f92ac,4.6,1,524288
f87b8bbb1f4acfcf2a82a76757bcb560fdb782799ef6ec855e2f63b09c91ae46,0.0,0,524288
f9f0c2739340a8500a8bd81db2308b13e7f518ec58bf20209402da361114a86b,0.0,0,524288
faaf88bda76fb0e84907eb8e923bc9647bd835c38d1e29b25e5981ec10a735d0,4.6,1,524288
fb1c75badb050176c752344302dc7616ed8b6ba74fce4cf4c9794250ae3756fd,4.6,1,524288
fbe838d74824111c2b26a9843210a61ee05c783168170c784dd6d6696f9de8e5,0.0,0,524288
fc2c8cde987f2ccaa061dcdfd83ebfe05f0544f05b5b431b6a19cdc0c70039f0,0.0,0,524288
fc69579288fad95c96e3b696f4a4c8fedcb92c40f0ed0cc113f3ed5a8f24d8ab,4.6,1,524288
fd184880f5d893fd3008d60dcf53c3d538a169065a265ba477e62f37f4a85ef4,0.0,0,524288
fdba370724b21a6b68efe172df072846f4e9332f7125a00991a75e0fb57a65ba,0.0,0,524288
fddc020a55fd52f9421c9fa8e50fe0d633a404076e6635902837bb6222047935,0.0,0,524288
fe39a4c56f69e3e279e71d1e3ef7355cb2c297121ef31b5cf9b91d6418089c58,0.0,0,524288
fe7f03e92faf9d27f2a0b1e7e13f96cb1260c46f68585849ab8e40499ec276dd,4.6,1,524288
ff6a6f135d2f96f0c91c82dfb2a0645d95c557a5582f86d2a082954acc973427,0.0,0,524288
ffd47214e49a0af1648350a770b9318b4fb070bb9fa303b2360f03d6e0039b13,4.6,1,524288
